{
	"$baseURI": "https://yal.cc/r/20/pixelfont/",
	"$version": "1.0",
	"in-glyphs": [
		" !\"#$%&'()*+,-./",
		"0123456789:;<=>?",
		"@ABCDEFGHIJKLMNO",
		"PQRSTUVWXYZ[\\]^_",
		"`abcdefghijklmno",
		"pqrstuvwxyz{|}~∎",
		"€∎‚ƒ„…†‡ˆ‰Š‹Œ∎Ž∎",
		"∎‘’“”•–—˜™š›œ∎žŸ",
		"∎¡¢£¤¥¦§¨©ª«¬∎®¯",
		"°±²³´µ¶·¸¹º»∎∎∎¿",
		"ÀÁÂÃÄÅÆÇÈÉÊËÌÍÎÏ",
		"ÐÑÒÓÔÕÖ×ØÙÚÛÜÝÞß",
		"àáâãäåæçèéêëìíîï",
		"ðñòóôõö÷øùúûüýþÿ"
	],
	"glyph-color": "auto",
	"in-kerning": [
		""
	],
	"glyph-width": 7,
	"glyph-height": 8,
	"glyph-ofs-x": 0,
	"glyph-ofs-y": 0,
	"glyph-sep-x": 1,
	"glyph-sep-y": 0,
	"glyph-base-x": 0,
	"glyph-baseline": 7,
	"glyph-spacing": 1,
	"font-is-mono": true,
	"font-em-square": 1024,
	"font-line-gap": 0,
	"font-ascend": 896,
	"font-descend": -128,
	"font-px-size": 128,
	"contour-type": "pixel",
	"font-type": "ttf",
	"font-name": "Not Jam Mono Clean 8",
	"font-author": "Not Jam",
	"font-copy": "CC0",
	"font-version": "1.0.0",
	"font-desc": "Clean, crisp, 8px.",
	"font-license": "CC0",
	"font-license-url": "",
	"font-sample-text": "The quick brown fox jumps over a lazy dog",
	"font-preview-text": [
		"THE QUICK BROWN FOX JUMPS OVER A LAZY DOG.",
		"the quick brown fox jumps over a lazy dog.",
		"0123456789"
	]
}